"pfad","pattern_a","pattern_b","pattern_c_wikilink","pattern_d_escapes","pattern_e_tabellen","pattern_f_eol_lf","file_size_bytes","last_modified"
"CLAUDE.md","0","0","0","0","0","1","5106","2026-04-18 15:29:58"
"START-HERE.md","0","0","0","0","0","1","5362","2026-04-16 21:53:02"
"_cleanup-phase-1-report.md","0","0","0","0","0","1","8563","2026-04-24 21:19:31"
"_cleanup-phase-2-report.md","0","0","0","0","0","1","3345","2026-04-25 15:02:54"
"_cleanup-phase-3-report.md","0","0","0","0","0","1","8190","2026-04-25 19:50:50"
"00-eingang\unverarbeitet\2026-04-25-1735-anastasia-geburtstagsgeschenk.md","0","0","0","0","0","1","212","2026-04-25 17:37:28"
"01-projekte\bachelor-thesis\bachelor-thesis-assistant-framework.md","0","0","0","0","0","1","712","2026-04-24 21:14:02"
"01-projekte\bachelor-thesis\bachelor-thesis.md","0","0","0","0","0","1","7387","2026-04-24 21:14:02"
"01-projekte\bachelor-thesis\bachelorarbeit-research-vault.md","0","0","0","0","0","1","62390","2026-04-24 21:15:06"
"01-projekte\bachelor-thesis\briefing-sandbrink-2026-04-23.md","0","0","0","0","0","1","1003","2026-04-24 21:14:02"
"01-projekte\bachelor-thesis\claude-support-bachelorarbeit.md","0","0","0","0","0","1","38471","2026-04-24 21:15:06"
"01-projekte\bachelor-thesis\codebook-klartext.md","0","0","0","0","0","1","32109","2026-04-24 21:14:02"
"01-projekte\bachelor-thesis\forschungsdesign.md","0","0","0","0","0","1","2562","2026-04-16 22:58:08"
"01-projekte\bachelor-thesis\gliederung-klartext.md","0","0","0","0","0","1","26254","2026-04-24 21:14:02"
"01-projekte\bachelor-thesis\interview-protokolle.md","0","0","0","0","0","1","946","2026-04-16 22:58:27"
"01-projekte\bachelor-thesis\interviewleitfaden.md","0","0","0","0","0","1","3112","2026-04-24 14:32:44"
"01-projekte\bachelor-thesis\mayring-vault-konzeption.md","0","0","0","0","0","1","2745","2026-04-24 21:14:02"
"01-projekte\bachelor-thesis\mayring-vault-sondier-prompt.md","0","0","0","0","0","1","6785","2026-04-24 21:14:02"
"01-projekte\bachelor-thesis\mitarbeiteranfragen.md","0","0","0","0","0","1","5598","2026-04-24 14:33:32"
"01-projekte\bachelor-thesis\scope-klartext.md","0","0","0","0","0","1","24665","2026-04-24 21:14:02"
"01-projekte\bachelor-thesis\logs\2026-03-17-bachelorarbeit-dokumentation.md","0","0","0","0","0","1","663","2026-04-16 19:26:42"
"01-projekte\bachelor-thesis\logs\2026-04-17-call-christine-thesis.md","0","0","0","0","0","1","1851","2026-04-24 20:55:03"
"01-projekte\bachelor-thesis\logs\2026-04-21-maddox-cafe-session.md","0","0","0","0","0","1","2098","2026-04-24 21:14:02"
"01-projekte\bachelor-thesis\logs\2026-04-23-sandbrink-betreuung.md","0","0","0","0","0","1","3615","2026-04-24 21:14:02"
"01-projekte\coralate\coralate.md","0","0","0","0","0","1","4199","2026-04-20 13:20:57"
"01-projekte\coralate\design-system.md","0","0","0","0","0","1","10197","2026-04-16 23:17:00"
"01-projekte\coralate\tech-stack-conventions.md","0","0","0","0","0","1","7929","2026-04-16 23:17:58"
"01-projekte\coralate\cora-ai\cora-ai-architektur.md","0","0","0","0","0","1","6436","2026-04-18 23:28:37"
"01-projekte\coralate\cora-ai\diskrepanzen.md","0","0","0","0","0","1","8722","2026-04-18 23:28:43"
"01-projekte\coralate\cora-ai\scope-jann-proposal.md","0","0","0","0","0","1","5693","2026-04-25 19:48:24"
"01-projekte\coralate\cora-ai\knowledge-chunks\_template.md","0","0","0","0","0","1","680","2026-04-18 23:48:42"
"01-projekte\coralate\food-scanner\architektur-v8.md","0","0","0","0","0","1","26265","2026-04-19 20:03:31"
"01-projekte\coralate\food-scanner\borrow-script-v2.md","0","0","0","0","0","1","7154","2026-04-24 21:07:44"
"01-projekte\coralate\food-scanner\food-scanner.md","0","0","0","0","0","1","4180","2026-04-19 19:08:36"
"01-projekte\coralate\food-scanner\frontend-integration.md","0","0","0","0","0","1","6873","2026-04-16 23:14:14"
"01-projekte\coralate\food-scanner\nutrition-db-stand.md","0","0","0","0","0","1","4427","2026-04-24 21:06:32"
"01-projekte\coralate\food-scanner\prompt-log.md","0","0","0","0","0","1","15886","2026-04-24 21:07:40"
"01-projekte\coralate\food-scanner\roadmap.md","0","0","0","0","0","1","5307","2026-04-19 13:38:31"
"01-projekte\coralate\food-scanner\logs\2026-04-11-go-build-phase-safety-rails.md","0","0","0","0","0","1","1365","2026-04-24 21:14:02"
"01-projekte\coralate\food-scanner\logs\2026-04-11-phase1-uploads-infoods-achse.md","0","0","0","0","0","1","1378","2026-04-24 21:14:02"
"01-projekte\coralate\food-scanner\logs\2026-04-11-stack-festgezogen-v51-research.md","0","0","0","0","0","1","1563","2026-04-16 19:18:19"
"01-projekte\coralate\food-scanner\logs\2026-04-11-v51-reports-hybrid-3tier-bestaetigt.md","0","0","0","0","0","1","1542","2026-04-24 21:14:02"
"01-projekte\coralate\food-scanner\logs\2026-04-12-borrowing-live-3pass-strategie.md","0","0","0","0","0","1","1191","2026-04-24 21:14:02"
"01-projekte\coralate\food-scanner\logs\2026-04-12-edge-function-v7-produktiv.md","0","0","0","0","0","1","1906","2026-04-24 21:14:02"
"01-projekte\coralate\food-scanner\logs\2026-04-12-prompt-v1-v7-iteration.md","0","0","0","0","0","1","1080","2026-04-16 21:53:02"
"01-projekte\coralate\food-scanner\logs\2026-04-12-stand-snapshot-borrowing-durch.md","0","0","0","0","0","1","1030","2026-04-24 21:14:02"
"01-projekte\coralate\food-scanner\logs\2026-04-12-step3-import-jann-anpassungen.md","0","0","0","0","0","1","1015","2026-04-24 21:14:02"
"01-projekte\coralate\food-scanner\logs\2026-04-13-db-reset-clean-reimport.md","0","0","0","0","0","1","1819","2026-04-24 21:14:02"
"01-projekte\coralate\food-scanner\logs\2026-04-13-pipeline-production-ready-doc62.md","0","0","0","0","0","1","2105","2026-04-16 21:53:02"
"01-projekte\coralate\food-scanner\logs\2026-04-13-session-abschluss-doc62-auth-geloest.md","0","0","0","0","0","1","2925","2026-04-16 21:53:02"
"01-projekte\coralate\food-scanner\logs\2026-04-14-kritische-einsicht-matching-grundinfrastruktur.md","0","0","0","0","0","1","1216","2026-04-16 21:53:02"
"01-projekte\coralate\food-scanner\logs\2026-04-14-runde-2-research-5-etappen-plan.md","0","0","0","0","0","1","2785","2026-04-16 21:53:02"
"01-projekte\coralate\food-scanner\logs\2026-04-19-etappe-1-food-group-backfill-abgeschlossen.md","0","0","0","0","0","1","4484","2026-04-19 13:41:02"
"01-projekte\coralate\food-scanner\logs\2026-04-19-etappe-2-provenance-schema-abgeschlossen.md","0","0","0","0","0","1","2988","2026-04-19 13:56:55"
"01-projekte\coralate\food-scanner\logs\2026-04-19-etappe-3-borrowing-vision-prompt-analyse.md","0","0","0","0","0","1","5862","2026-04-19 19:05:41"
"01-projekte\coralate\food-scanner\logs\2026-04-19-food-scanner-v6-v7-scale-reasoning-rpc.md","0","0","0","0","0","1","7351","2026-04-19 20:05:45"
"01-projekte\coralate\logs\2026-03-25-exercise-image-pipeline.md","0","0","0","0","0","1","635","2026-04-16 19:26:24"
"01-projekte\coralate\logs\2026-04-04-technische-umsetzung-coralate.md","0","0","0","0","0","1","798","2026-04-16 21:53:02"
"01-projekte\coralate\logs\2026-04-19-idee-injury-aware-workout-flow.md","0","0","0","0","0","1","3565","2026-04-19 21:01:04"
"01-projekte\hays\hays.md","0","0","0","0","0","1","3018","2026-04-24 21:00:22"
"01-projekte\hays\lizenzmanagement-konzept.md","0","0","0","0","0","1","7936","2026-04-16 23:00:41"
"01-projekte\hays\power-automate-flows.md","0","0","0","0","0","1","7967","2026-04-16 22:59:41"
"01-projekte\hays\logs\2026-03-11-stepstone-quartalsbericht.md","0","0","0","0","0","1","526","2026-04-16 19:26:28"
"01-projekte\hays\logs\2026-03-20-power-automate-delegation.md","0","0","0","0","0","1","618","2026-04-16 19:26:33"
"01-projekte\hays\logs\2026-03-30-hays-reporting-cowork-automatisierung.md","0","0","0","0","0","1","533","2026-04-16 19:26:36"
"01-projekte\hdwm\hdwm.md","0","0","0","0","0","1","1914","2026-04-23 17:18:38"
"01-projekte\hdwm\leitfaden-wissenschaftliches-arbeiten.md","0","0","0","0","0","1","18225","2026-04-20 17:34:20"
"01-projekte\hdwm\pruefungsordnung.md","0","0","0","0","0","1","13140","2026-04-20 17:24:43"
"01-projekte\hdwm\semester-5\email-kaufmann-ki-vorwurf.md","0","0","0","0","0","1","3949","2026-04-25 14:00:24"
"01-projekte\hdwm\semester-5\international-sales-seminararbeit.md","0","0","0","0","0","1","25195","2026-04-25 14:00:54"
"01-projekte\hdwm\semester-5\international-sales-turnitin-bericht.md","0","0","0","0","0","1","3133","2026-04-24 21:17:33"
"01-projekte\hdwm\semester-5\international-sales.md","0","0","0","0","0","1","1148","2026-04-25 14:00:34"
"01-projekte\hdwm\semester-5\meeting-kaufmann-2026-04-21.md","0","0","0","0","0","1","10288","2026-04-25 14:00:08"
"01-projekte\hdwm\semester-5\semester-5.md","0","0","0","0","0","1","917","2026-04-24 20:47:59"
"01-projekte\hdwm\semester-6\innovationsmanagement.md","0","0","0","0","0","1","717","2026-04-24 20:47:18"
"01-projekte\hdwm\semester-6\it-systeme.md","0","0","0","0","0","1","7785","2026-04-24 21:16:42"
"01-projekte\hdwm\semester-6\mitarbeiterfuehrung.md","0","0","0","0","0","1","679","2026-04-17 13:30:54"
"01-projekte\hdwm\semester-6\personalpsychologie.md","0","0","0","0","0","1","646","2026-04-17 13:30:49"
"01-projekte\miraculix\miraculix.md","0","0","0","0","0","1","2994","2026-04-16 21:53:02"
"01-projekte\miraculix\logs\2026-03-11-info-agent-erste-struktur.md","0","0","0","0","0","1","509","2026-04-16 21:53:02"
"01-projekte\miraculix\logs\2026-03-11-skills-erstellen.md","0","0","0","0","0","1","530","2026-04-16 19:26:49"
"01-projekte\miraculix\logs\2026-03-28-externe-speicherverwaltung.md","0","0","0","0","0","1","782","2026-04-16 19:26:55"
"01-projekte\miraculix\logs\2026-03-29-planing-miraculix-master-plan.md","0","0","0","0","0","1","620","2026-04-16 21:53:02"
"01-projekte\miraculix\logs\2026-03-31-miraculix-ki-assistent-setup.md","0","0","0","0","0","1","659","2026-04-16 21:53:02"
"01-projekte\miraculix\logs\2026-04-08-notion-workflow-idealsystem.md","0","0","0","0","0","1","1017","2026-04-16 21:53:02"
"01-projekte\miraculix\logs\2026-04-16-migration-notion-zu-obsidian.md","0","0","0","0","0","1","1962","2026-04-16 19:27:28"
"01-projekte\persönlich\dell-xps-15.md","0","0","0","0","0","1","5120","2026-04-24 21:14:02"
"01-projekte\persönlich\personal-development.md","0","0","0","0","0","1","1603","2026-04-23 17:17:21"
"01-projekte\persönlich\persönlich.md","0","0","0","0","0","1","4316","2026-04-24 14:39:49"
"01-projekte\persönlich\zukunftsplaene.md","0","0","0","0","0","1","1832","2026-04-23 17:17:07"
"01-projekte\persönlich\familie\familie.md","0","0","0","0","0","1","1434","2026-04-23 17:16:48"
"01-projekte\persönlich\familie\sinan-ki-praesentation.md","0","0","0","0","0","1","5553","2026-04-21 21:35:25"
"01-projekte\persönlich\kommunikation-referenzen\kommunikation-referenzen.md","0","0","0","0","0","1","4290","2026-04-24 21:14:02"
"01-projekte\persönlich\kommunikation-referenzen\email\2026-04-20_florian-goennenwein_thesis-interview.md","0","0","0","0","0","1","3589","2026-04-24 21:14:02"
"01-projekte\persönlich\kommunikation-referenzen\slack\2026-04-09_christian_tuomo-test-batch.md","0","0","0","0","0","1","2443","2026-04-25 19:47:32"
"01-projekte\persönlich\kommunikation-referenzen\slack\2026-04-11_christian_kpv-stock-kommunikation.md","0","0","0","0","0","1","2498","2026-04-25 19:47:32"
"01-projekte\persönlich\kommunikation-referenzen\slack\2026-04-16_christian_telefonnummer-austausch-dm.md","0","0","0","0","0","1","1646","2026-04-25 19:47:32"
"01-projekte\persönlich\kommunikation-referenzen\slack\2026-04-20_christian-kalani_us-market-shipments.md","0","0","0","0","0","1","2062","2026-04-25 19:47:32"
"01-projekte\persönlich\kommunikation-referenzen\slack\2026-04-20_christian_affiliate-1k-follower-cap.md","0","0","0","0","0","1","2137","2026-04-25 19:47:32"
"01-projekte\persönlich\kommunikation-referenzen\slack\2026-04-20_christian_prostamax-custom-order.md","0","0","0","0","0","1","2498","2026-04-25 19:47:32"
"01-projekte\persönlich\kommunikation-referenzen\slack\2026-04-20_christian_reta-lab-test.md","0","0","0","0","0","1","2238","2026-04-25 19:47:32"
"01-projekte\persönlich\kommunikation-referenzen\slack\2026-04-20_kalani_kpv-position-dm.md","0","0","0","0","0","1","2235","2026-04-25 19:47:32"
"01-projekte\persönlich\kommunikation-referenzen\slack\2026-04-23_christian_pepspan-bulk-pricing.md","0","0","0","0","0","1","2090","2026-04-25 19:47:32"
"01-projekte\persönlich\logs\2026-03-23-sap-bewerbung.md","0","0","0","0","0","1","714","2026-04-20 18:14:38"
"01-projekte\persönlich\logs\2026-03-28-marokko-esim.md","0","0","0","0","0","1","416","2026-04-20 18:14:38"
"01-projekte\persönlich\logs\2026-04-06-health-research-session.md","0","0","0","0","0","1","1219","2026-04-20 18:14:38"
"01-projekte\persönlich\logs\2026-04-23-anastasia-call.md","0","0","0","0","0","1","544","2026-04-23 16:54:38"
"01-projekte\persönlich\logs\2026-04-23-gespraech-mutter-sandra.md","0","0","0","0","0","1","879","2026-04-23 17:17:31"
"01-projekte\pulsepeptides\clickup-pulse-entwurf.md","1","0","0","0","0","1","10296","2026-04-26 17:19:21"
"01-projekte\pulsepeptides\coo-aufgaben.md","0","0","0","0","0","1","6061","2026-04-24 21:15:07"
"01-projekte\pulsepeptides\coo-automations.md","0","0","0","0","0","1","2107","2026-04-19 13:07:50"
"01-projekte\pulsepeptides\firmenstruktur.md","0","0","0","0","0","1","6696","2026-04-26 16:53:33"
"01-projekte\pulsepeptides\janoshik-ocr.md","0","0","0","0","0","1","3475","2026-04-26 16:55:25"
"01-projekte\pulsepeptides\pulsebot-workflows.md","0","0","0","0","0","1","5366","2026-04-16 23:01:38"
"01-projekte\pulsepeptides\pulsepeptides.md","1","0","1","31","0","1","5546","2026-04-26 17:16:07"
"01-projekte\pulsepeptides\custom-orders\prostamax.md","0","0","0","0","0","1","3425","2026-04-24 21:14:02"
"01-projekte\pulsepeptides\knowledge-base\bestellprozess.md","1","0","0","0","0","1","1116","2026-04-26 17:19:16"
"01-projekte\pulsepeptides\knowledge-base\lab-peptides.md","0","0","0","0","0","1","42872","2026-04-26 17:00:55"
"01-projekte\pulsepeptides\knowledge-base\lab-workflow-janoshik.md","0","0","0","0","0","1","444","2026-04-26 16:53:51"
"01-projekte\pulsepeptides\knowledge-base\lieferanten.md","0","0","0","0","0","1","3299","2026-04-26 17:00:55"
"01-projekte\pulsepeptides\knowledge-base\produkte.md","0","0","0","0","0","1","3564","2026-04-26 16:53:51"
"01-projekte\pulsepeptides\knowledge-base\support-eskalation.md","0","0","0","0","0","1","8315","2026-04-24 21:14:02"
"01-projekte\pulsepeptides\knowledge-base\team-koordination.md","0","0","0","0","0","1","1247","2026-04-18 00:08:09"
"01-projekte\pulsepeptides\knowledge-base\zy-peptides.md","1","0","0","2","0","1","14362","2026-04-26 16:58:40"
"01-projekte\pulsepeptides\logs\2026-03-15-pulse-n8n-prd-kontext.md","0","0","0","0","0","1","1018","2026-04-16 19:25:31"
"01-projekte\pulsepeptides\logs\2026-03-17-janoshik-ocr-pipeline.md","0","0","0","0","0","1","727","2026-04-16 19:25:36"
"01-projekte\pulsepeptides\logs\2026-03-19-pulse-restrukturierung.md","0","0","0","0","0","1","1045","2026-04-16 21:53:02"
"01-projekte\pulsepeptides\logs\2026-04-15-admin-hub-angebot-bewertung.md","0","0","0","0","0","1","519","2026-04-16 21:53:02"
"01-projekte\pulsepeptides\logs\2026-04-16-kalani-onboarding-firmenstruktur.md","0","0","0","0","0","1","3172","2026-04-26 17:00:55"
"01-projekte\pulsepeptides\logs\2026-04-17-coo-rolle-transition-start.md","0","0","0","0","0","1","1696","2026-04-17 09:16:39"
"01-projekte\pulsepeptides\logs\2026-04-17-kalani-call-orderprozess.md","0","0","0","0","0","1","5617","2026-04-26 16:55:25"
"01-projekte\pulsepeptides\logs\2026-04-20-kalani-call.md","0","0","0","1","0","1","3980","2026-04-26 17:00:55"
"01-projekte\pulsepeptides\logs\2026-04-23-kalani-coo-call.md","0","0","0","0","0","1","5925","2026-04-26 16:55:25"
"01-projekte\pulsepeptides\logs\2026-04-24-kalani-call.md","0","0","0","0","0","1","3300","2026-04-26 17:00:55"
"01-projekte\pulsepeptides\logs\2026-04-25-kalani-call.md","0","0","0","0","0","1","7863","2026-04-26 17:00:55"
"01-projekte\terminbuchung-app\terminbuchung-app.md","0","0","0","0","0","1","3644","2026-04-16 22:57:38"
"01-projekte\thalor\thalor.md","0","0","0","0","0","1","2094","2026-04-23 00:04:19"
"01-projekte\thalor\bellavie\bellavie.md","0","0","0","0","0","1","1528","2026-04-19 13:28:33"
"01-projekte\thalor\bellavie\fresha-setup.md","0","0","0","0","0","1","8052","2026-04-16 23:03:26"
"01-projekte\thalor\bellavie\stammdaten-portale.md","0","0","0","0","0","1","3856","2026-04-16 23:02:34"
"01-projekte\thalor\bellavie\website-framer.md","0","0","0","0","0","1","2987","2026-04-16 23:03:43"
"01-projekte\thalor\bellavie\logs\2026-03-10-bellavie-kategorien-fresha.md","0","0","0","0","0","1","549","2026-04-16 19:25:58"
"01-projekte\thalor\bellavie\logs\2026-04-05-portale-verwaltung-lokale-seo.md","0","0","0","0","0","1","674","2026-04-16 21:53:02"
"01-projekte\thalor\heiraten-daenemark\admin-hub-konzept.md","0","0","0","0","0","1","7399","2026-04-25 13:58:40"
"01-projekte\thalor\heiraten-daenemark\email-assistent-konzept.md","0","0","0","0","0","1","8103","2026-04-25 13:58:20"
"01-projekte\thalor\heiraten-daenemark\heiraten-daenemark.md","0","0","0","0","0","1","6233","2026-04-25 13:58:13"
"01-projekte\thalor\heiraten-daenemark\meetings\2026-04-21-maddox-email-assistent.md","0","0","0","0","0","1","1846","2026-04-25 13:58:46"
"01-projekte\thalor\herosoftware\clay-integration.md","0","0","0","0","0","1","7430","2026-04-16 23:06:14"
"01-projekte\thalor\herosoftware\digitalocean-droplet.md","0","0","0","0","0","1","6391","2026-04-24 21:15:07"
"01-projekte\thalor\herosoftware\herosoftware.md","0","0","0","0","0","1","6715","2026-04-24 20:54:00"
"01-projekte\thalor\herosoftware\hetzner-setup.md","0","0","0","0","0","1","3955","2026-04-24 21:14:02"
"01-projekte\thalor\herosoftware\lgm-integration.md","0","0","0","0","0","1","5385","2026-04-16 23:07:01"
"01-projekte\thalor\herosoftware\logs\2026-03-20-session-0-hero-kickoff.md","0","0","0","0","0","1","962","2026-04-16 19:24:34"
"01-projekte\thalor\herosoftware\logs\2026-03-25-hetzner-setup-daily-sync.md","0","0","0","0","0","1","833","2026-04-16 21:53:02"
"01-projekte\thalor\herosoftware\logs\2026-03-26-clay-integration-templates-tier-system.md","0","0","0","0","0","1","1211","2026-04-16 21:53:02"
"01-projekte\thalor\herosoftware\logs\2026-03-27-wf1-domain-match-create-fehler-fix.md","0","0","0","0","0","1","1636","2026-04-16 21:53:02"
"01-projekte\thalor\herosoftware\logs\2026-04-13-herosoftware-uebergabe-production-ready.md","0","0","0","0","0","1","1362","2026-04-16 21:53:02"
"01-projekte\thalor\herosoftware\logs\2026-04-13-production-ready-refactor-4-scripts.md","0","0","0","0","0","1","3205","2026-04-24 21:14:02"
"01-projekte\thalor\herosoftware\logs\2026-04-14-phase2-validiert-repo-github-privat.md","0","0","0","0","0","1","2584","2026-04-24 21:14:02"
"01-projekte\thalor\herosoftware\logs\2026-04-21-martin-call.md","0","0","0","0","0","1","14194","2026-04-24 21:15:07"
"01-projekte\thalor\herosoftware\scripts\daily-sync.md","0","0","0","0","0","1","2523","2026-04-16 23:07:47"
"01-projekte\thalor\herosoftware\scripts\lgm-push.md","0","0","0","0","0","1","3304","2026-04-16 23:08:11"
"01-projekte\thalor\herosoftware\scripts\lgm-status-sync.md","0","0","0","0","0","1","3770","2026-04-16 23:08:37"
"01-projekte\thalor\herosoftware\scripts\wf1-backup.md","0","0","0","0","0","1","3432","2026-04-16 23:09:03"
"01-projekte\thalor\herosoftware\workflows\wf1-mantle-attio.md","0","0","0","0","0","1","7934","2026-04-16 23:05:17"
"01-projekte\thalor\logs\2026-03-27-thalor-website-agentur.md","0","0","0","0","0","1","570","2026-04-16 19:27:35"
"01-projekte\thalor\logs\2026-03-31-logo-branding-talor.md","0","0","0","0","0","1","518","2026-04-16 19:27:38"
"01-projekte\thalor\pflegedienst-triebskorn\automatisierungen.md","0","0","0","0","0","1","2243","2026-04-24 21:14:02"
"01-projekte\thalor\pflegedienst-triebskorn\pflegedienst-triebskorn.md","0","0","0","0","0","1","3890","2026-04-24 21:14:02"
"01-projekte\thalor\resolvia\resolvia.md","0","0","0","0","0","1","1748","2026-04-16 21:53:02"
"01-projekte\thalor\resolvia\logs\2026-03-31-resolvia-ai-projekt-planung.md","0","0","0","0","0","1","644","2026-04-16 19:27:47"
"01-projekte\thalor\resolvia\meetings\2026-04-08-call-david-stripe-attio-scope.md","0","0","0","0","0","1","689","2026-04-16 19:18:03"
"02-wissen\vault-schreibkonventionen.md","0","0","0","0","0","1","2964","2026-04-25 19:49:02"
"02-wissen\architektur\attio-als-ssot.md","0","0","0","0","0","1","2056","2026-04-24 21:14:02"
"02-wissen\claude-workflow\continuity-doc-pattern.md","0","0","0","0","0","1","2270","2026-04-24 21:14:02"
"02-wissen\crm-integration\attio-match-kaskade.md","0","0","0","0","0","1","2600","2026-04-24 21:14:02"
"02-wissen\health\augenringe.md","0","0","0","0","0","1","3593","2026-04-20 18:14:38"
"02-wissen\health\energie-stabilitaet.md","0","0","0","0","0","1","4619","2026-04-20 18:14:38"
"02-wissen\health\haltung-mobilitaet.md","0","0","0","0","0","1","1119","2026-04-20 18:14:38"
"02-wissen\health\neurotransmitter-network.md","0","0","0","0","0","1","3943","2026-04-20 18:14:38"
"02-wissen\health\peptide-protokolle.md","0","0","0","0","0","1","4033","2026-04-20 18:14:38"
"02-wissen\health\supplement-stack.md","0","0","0","0","0","1","4123","2026-04-20 18:14:38"
"02-wissen\health\theoretischer-stack.md","0","0","0","0","0","1","4311","2026-04-20 18:14:38"
"02-wissen\integration\slack-3s-timeout-async-pattern.md","0","0","0","0","0","1","1942","2026-04-16 21:53:02"
"02-wissen\lexware\api-uebersicht.md","0","0","0","0","0","1","6891","2026-04-21 19:18:53"
"02-wissen\n8n\debug-fix-patterns.md","0","0","0","0","0","1","8365","2026-04-24 21:14:02"
"02-wissen\n8n\webhook-timeout-hetzner-cron-pattern.md","0","0","0","0","0","1","2751","2026-04-24 21:14:02"
"03-kontakte\alexander-heise.md","0","0","0","0","0","1","510","2026-04-24 21:14:02"
"03-kontakte\anastasia-quast.md","0","0","0","0","0","1","997","2026-04-23 16:55:53"
"03-kontakte\andrij-yakymenskyy.md","0","0","0","0","0","1","755","2026-04-25 13:57:21"
"03-kontakte\anna-luettgen.md","0","0","0","0","0","1","1735","2026-04-24 21:14:02"
"03-kontakte\arda-sener.md","0","0","0","0","0","1","699","2026-04-24 21:14:02"
"03-kontakte\calvin-blick.md","0","0","0","0","0","1","1383","2026-04-24 21:14:02"
"03-kontakte\christian-pulse.md","1","0","1","8","0","1","696","2026-04-25 20:51:44"
"03-kontakte\christine-kampmann.md","0","0","0","0","0","1","978","2026-04-24 21:14:02"
"03-kontakte\christoph-sandbrink.md","0","0","0","0","0","1","530","2026-04-16 19:10:11"
"03-kontakte\david-beck.md","0","0","0","0","0","1","416","2026-04-24 21:14:02"
"03-kontakte\david-schreiner.md","0","0","0","0","0","1","682","2026-04-16 19:10:00"
"03-kontakte\erguen-oezbek.md","0","0","0","0","0","1","368","2026-04-23 17:16:34"
"03-kontakte\eris-osmani-wiedmeier.md","0","0","0","0","0","1","1044","2026-04-24 21:14:02"
"03-kontakte\felix-schwarz.md","0","0","0","0","0","1","1365","2026-04-24 21:14:02"
"03-kontakte\florian-goennenwein.md","0","0","0","0","0","1","1779","2026-04-24 21:14:02"
"03-kontakte\florian-meyer.md","0","0","0","0","0","1","1737","2026-04-17 13:56:54"
"03-kontakte\francis-davis.md","0","0","0","0","0","1","1710","2026-04-17 13:56:09"
"03-kontakte\german-pulse.md","1","0","1","8","0","1","626","2026-04-25 20:52:15"
"03-kontakte\hans-ruediger-kaufmann.md","0","0","0","0","0","1","1316","2026-04-25 13:57:12"
"03-kontakte\igor-puzynya.md","0","0","0","0","0","1","1037","2026-04-25 13:57:38"
"03-kontakte\jann-allenberger.md","0","0","0","0","0","1","699","2026-04-18 23:47:58"
"03-kontakte\jannik-ellminger.md","0","0","0","0","0","1","705","2026-04-24 21:14:02"
"03-kontakte\johannes-leuschner.md","0","0","0","0","0","1","789","2026-04-24 21:14:02"
"03-kontakte\julia-renzikowski.md","0","0","0","0","0","1","375","2026-04-16 21:53:02"
"03-kontakte\kai-pulse.md","1","0","1","8","0","1","587","2026-04-25 20:52:09"
"03-kontakte\kalani-ginepri.md","0","0","0","0","0","1","841","2026-04-24 21:14:02"
"03-kontakte\lara-luennemann.md","0","0","0","0","0","1","691","2026-04-24 21:14:02"
"03-kontakte\lars-blum.md","0","0","0","0","0","1","791","2026-04-20 15:14:56"
"03-kontakte\leon-raedisch.md","0","0","0","0","0","1","1673","2026-04-24 21:14:02"
"03-kontakte\lizzi-pulse.md","1","0","1","8","0","1","565","2026-04-25 20:52:48"
"03-kontakte\luca-schmitt.md","0","0","0","0","0","1","461","2026-04-24 21:14:02"
"03-kontakte\maddox-yakymenskyy.md","0","0","0","0","0","1","1075","2026-04-25 15:02:27"
"03-kontakte\marc-eckel.md","0","0","0","0","0","1","459","2026-04-24 21:14:02"
"03-kontakte\martin-herd.md","0","0","0","0","0","1","1722","2026-04-24 21:14:02"
"03-kontakte\mikail-ismailov.md","0","0","0","0","0","1","661","2026-04-24 21:14:02"
"03-kontakte\natalia-yakymenskyy.md","0","0","0","0","0","1","753","2026-04-25 13:57:27"
"03-kontakte\neurologin-lars.md","0","0","0","0","0","1","861","2026-04-18 00:08:19"
"03-kontakte\patrick-pulse.md","1","0","1","8","0","1","604","2026-04-25 20:52:42"
"03-kontakte\rini-kodzadziku.md","0","0","0","0","0","1","2013","2026-04-24 21:14:02"
"03-kontakte\rob-norris.md","0","0","0","0","0","1","1787","2026-04-17 13:56:14"
"03-kontakte\robin-kronshagen.md","0","0","0","0","0","1","924","2026-04-21 12:01:04"
"03-kontakte\sabine-eufe.md","0","0","0","0","0","1","550","2026-04-24 21:14:02"
"03-kontakte\sandra-oezbek.md","0","0","0","0","0","1","668","2026-04-23 17:16:30"
"03-kontakte\sinan-oezbek.md","0","0","0","0","0","1","672","2026-04-21 21:32:10"
"03-kontakte\tim-stetter.md","0","0","0","0","0","1","749","2026-04-24 21:14:02"
"04-tagebuch\2026\04\2026-04-16.md","0","0","0","0","0","1","1006","2026-04-16 21:53:02"
"04-tagebuch\2026\04\2026-04-17.md","0","0","0","0","0","1","3287","2026-04-26 16:16:04"
"04-tagebuch\2026\04\2026-04-19.md","0","0","0","0","0","1","349","2026-04-19 13:27:32"
"04-tagebuch\2026\04\2026-04-20.md","0","0","0","0","0","1","1530","2026-04-20 18:16:18"
"04-tagebuch\2026\04\2026-04-21.md","0","0","0","0","0","1","3151","2026-04-24 20:26:35"
"04-tagebuch\2026\04\2026-04-22.md","0","0","0","0","0","1","900","2026-04-23 00:27:21"
"04-tagebuch\2026\04\2026-04-23.md","0","0","0","0","0","1","2522","2026-04-23 13:40:53"
"04-tagebuch\2026\04\2026-04-24.md","0","0","0","0","0","1","678","2026-04-24 11:44:54"
"04-tagebuch\2026\04\2026-04-25.md","0","0","0","0","0","1","1269","2026-04-26 16:27:47"
"04-tagebuch\2026\04\2026-04-26.md","0","0","0","35","0","1","1495","2026-04-26 16:58:28"
"05-archiv\2026-04-23-kalani-lager-besuch.md","0","0","0","0","0","1","1116","2026-04-25 19:46:43"
"05-archiv\migration-abschluss.md","0","0","0","0","0","1","9502","2026-04-16 21:53:02"
"05-archiv\reisen\marokko-2026-04.md","0","0","0","0","0","1","2801","2026-04-20 18:14:38"
"_api\env-konfiguration.md","0","0","0","3","0","1","2719","2026-04-25 14:30:41"
"_claude\skills\abgleich.md","0","0","0","0","0","1","2165","2026-04-16 21:53:02"
"_claude\skills\audio-verarbeiten.md","0","0","0","0","0","1","4335","2026-04-25 15:05:15"
"_claude\skills\eingang-verarbeiten.md","0","0","0","0","0","1","3815","2026-04-25 15:06:14"
"_claude\skills\log.md","0","0","0","0","0","1","2468","2026-04-16 21:53:02"
"_claude\skills\schreibstil.md","0","0","0","0","0","1","6620","2026-04-17 13:36:16"
"_claude\skills\tages-start.md","0","0","0","0","0","1","3484","2026-04-24 21:12:40"
"_claude\skills\transkript-verarbeiten.md","0","0","0","0","0","1","6011","2026-04-25 15:05:55"
"_claude\skills\vault-pruefung.md","0","0","0","0","0","1","2503","2026-04-16 21:53:02"
"_claude\skills\vault-system.md","0","0","0","0","0","1","8763","2026-04-25 19:46:57"
"_claude\skills\wissens-destillation.md","0","0","0","0","0","1","2965","2026-04-16 21:53:02"
"_meta\endpunkte.md","0","0","0","0","0","1","2406","2026-04-16 21:53:02"
"_meta\glossar.md","0","0","0","0","0","1","1724","2026-04-16 18:54:12"
"_meta\schema.md","0","0","0","0","0","1","6215","2026-04-17 09:25:32"
"_migration\issues.md","0","0","0","0","0","1","3271","2026-04-16 21:53:02"
